
GO

INSERT [dbo].[Acteurs] ([NoActeur], [Nom], [Sexe]) VALUES (1, 'Marlon Brando', 'H')
INSERT [dbo].[Acteurs] ([NoActeur], [Nom], [Sexe]) VALUES (2, 'Robert Duvall', 'H')
INSERT [dbo].[Acteurs] ([NoActeur], [Nom], [Sexe]) VALUES (3, 'Martin Shee', 'H')
INSERT [dbo].[Acteurs] ([NoActeur], [Nom], [Sexe]) VALUES (4, 'Guy Jodoi', 'H')
INSERT [dbo].[Acteurs] ([NoActeur], [Nom], [Sexe]) VALUES (5, 'Sylvie Moreau', 'F')
INSERT [dbo].[Acteurs] ([NoActeur], [Nom], [Sexe]) VALUES (6, 'Stéphane Crête', 'H')
INSERT [dbo].[Acteurs] ([NoActeur], [Nom], [Sexe]) VALUES (7, 'Georges Clooney', 'H')
INSERT [dbo].[Acteurs] ([NoActeur], [Nom], [Sexe]) VALUES (8, 'Brad Pitt', 'H')
INSERT [dbo].[Acteurs] ([NoActeur], [Nom], [Sexe]) VALUES (9, 'Matt Damo', 'H')
INSERT [dbo].[Acteurs] ([NoActeur], [Nom], [Sexe]) VALUES (10, 'Steven Strait', 'H')
INSERT [dbo].[Acteurs] ([NoActeur], [Nom], [Sexe]) VALUES (11, 'Nathanael Baring', 'H')
INSERT [dbo].[Acteurs] ([NoActeur], [Nom], [Sexe]) VALUES (12, 'Tim Barlow', 'H')
INSERT [dbo].[Acteurs] ([NoActeur], [Nom], [Sexe]) VALUES (13, 'Michel Côté', 'H')
INSERT [dbo].[Acteurs] ([NoActeur], [Nom], [Sexe]) VALUES (14, 'Marc-André Grodi', 'H')
INSERT [dbo].[Acteurs] ([NoActeur], [Nom], [Sexe]) VALUES (15, 'Danielle Proulx', 'F')
INSERT [dbo].[Acteurs] ([NoActeur], [Nom], [Sexe]) VALUES (16, 'Glenn Close', 'F')
INSERT [dbo].[Acteurs] ([NoActeur], [Nom], [Sexe]) VALUES (17, 'Gérard Depardieu', 'H')
INSERT [dbo].[Acteurs] ([NoActeur], [Nom], [Sexe]) VALUES (18, 'Alice Evans', 'F')
INSERT [dbo].[Acteurs] ([NoActeur], [Nom], [Sexe]) VALUES (19, 'Isabelle Blais', 'F')
INSERT [dbo].[Acteurs] ([NoActeur], [Nom], [Sexe]) VALUES (20, 'Ricardo Trogi', 'H')
INSERT [dbo].[Acteurs] ([NoActeur], [Nom], [Sexe]) VALUES (21, 'Louis-José Houde', 'H')
INSERT [dbo].[Acteurs] ([NoActeur], [Nom], [Sexe]) VALUES (22, 'Patrick Huard', 'H')
INSERT [dbo].[Acteurs] ([NoActeur], [Nom], [Sexe]) VALUES (23, 'Christopher Heyerdahl', 'H')
INSERT [dbo].[Acteurs] ([NoActeur], [Nom], [Sexe]) VALUES (24, 'Julie Lebreto', 'F')
INSERT [dbo].[Acteurs] ([NoActeur], [Nom], [Sexe]) VALUES (25, 'Anne Dorval', 'F')
INSERT [dbo].[Acteurs] ([NoActeur], [Nom], [Sexe]) VALUES (26, 'Xavier Dola', 'H')
INSERT [dbo].[Acteurs] ([NoActeur], [Nom], [Sexe]) VALUES (27, 'Al Pacino', 'H')
INSERT [dbo].[Acteurs] ([NoActeur], [Nom], [Sexe]) VALUES (28, 'Diane Keato', 'F')
INSERT [dbo].[Acteurs] ([NoActeur], [Nom], [Sexe]) VALUES (29, 'Henry Fonda', 'H')
INSERT [dbo].[Acteurs] ([NoActeur], [Nom], [Sexe]) VALUES (30, 'Adrien Brody', 'H')
INSERT [dbo].[Acteurs] ([NoActeur], [Nom], [Sexe]) VALUES (31, 'Keira Knightley', 'F')
INSERT [dbo].[Acteurs] ([NoActeur], [Nom], [Sexe]) VALUES (32, 'Kris Kristofferso', 'H')
INSERT [dbo].[Acteurs] ([NoActeur], [Nom], [Sexe]) VALUES (33, 'Tim Robbins', 'H')
INSERT [dbo].[Acteurs] ([NoActeur], [Nom], [Sexe]) VALUES (34, 'Morgan Freema', 'H')
INSERT [dbo].[Acteurs] ([NoActeur], [Nom], [Sexe]) VALUES (35, 'Bob Gunto', 'H')
INSERT [dbo].[Acteurs] ([NoActeur], [Nom], [Sexe]) VALUES (36, 'Drew Barrymore', 'F')
INSERT [dbo].[Acteurs] ([NoActeur], [Nom], [Sexe]) VALUES (37, 'Anjelica Husto', 'F')
INSERT [dbo].[Acteurs] ([NoActeur], [Nom], [Sexe]) VALUES (38, 'Drougray Scott', 'H')
INSERT [dbo].[Acteurs] ([NoActeur], [Nom], [Sexe]) VALUES (39, 'Liam Neeso', 'H')
INSERT [dbo].[Acteurs] ([NoActeur], [Nom], [Sexe]) VALUES (40, 'Bradley Cooper', 'H')
GO

INSERT [dbo].[Categories] ([NoCategorie], [Description]) VALUES (1, 'Actio')
INSERT [dbo].[Categories] ([NoCategorie], [Description]) VALUES (2, 'Adolescent')
INSERT [dbo].[Categories] ([NoCategorie], [Description]) VALUES (3, 'Biographie')
INSERT [dbo].[Categories] ([NoCategorie], [Description]) VALUES (4, 'Cape et d''épée')
INSERT [dbo].[Categories] ([NoCategorie], [Description]) VALUES (5, 'Catastrophe')
INSERT [dbo].[Categories] ([NoCategorie], [Description]) VALUES (6, 'Chronique')
INSERT [dbo].[Categories] ([NoCategorie], [Description]) VALUES (7, 'Comédie de moeurs')
INSERT [dbo].[Categories] ([NoCategorie], [Description]) VALUES (8, 'Comédie d''horreur')
INSERT [dbo].[Categories] ([NoCategorie], [Description]) VALUES (9, 'Comédie dramatique')
INSERT [dbo].[Categories] ([NoCategorie], [Description]) VALUES ( 10, 'Comédie fantaisiste')
INSERT [dbo].[Categories] ([NoCategorie], [Description]) VALUES ( 11, 'Comédie musicale')
INSERT [dbo].[Categories] ([NoCategorie], [Description]) VALUES ( 12, 'Comédie policière')
INSERT [dbo].[Categories] ([NoCategorie], [Description]) VALUES ( 13, 'Comédie satirique')
INSERT [dbo].[Categories] ([NoCategorie], [Description]) VALUES ( 14, 'Comédie sentimentale')
INSERT [dbo].[Categories] ([NoCategorie], [Description]) VALUES ( 15, 'Comédie')
INSERT [dbo].[Categories] ([NoCategorie], [Description]) VALUES ( 16, 'Criminel')
INSERT [dbo].[Categories] ([NoCategorie], [Description]) VALUES ( 17, 'Danse')
INSERT [dbo].[Categories] ([NoCategorie], [Description]) VALUES ( 18, 'Dessins animés')
INSERT [dbo].[Categories] ([NoCategorie], [Description]) VALUES ( 19, 'Documentaire')
INSERT [dbo].[Categories] ([NoCategorie], [Description]) VALUES ( 20, 'Drame de guerre')
INSERT [dbo].[Categories] ([NoCategorie], [Description]) VALUES ( 21, 'Drame de moeurs')
INSERT [dbo].[Categories] ([NoCategorie], [Description]) VALUES ( 22, 'Drame d''horreur')
INSERT [dbo].[Categories] ([NoCategorie], [Description]) VALUES ( 23, 'Drame judiciaire')
INSERT [dbo].[Categories] ([NoCategorie], [Description]) VALUES ( 24, 'Drame musical')
INSERT [dbo].[Categories] ([NoCategorie], [Description]) VALUES ( 25, 'Drame poétique')
INSERT [dbo].[Categories] ([NoCategorie], [Description]) VALUES ( 26, 'Drame policier')
INSERT [dbo].[Categories] ([NoCategorie], [Description]) VALUES ( 27, 'Drame psychologique')
INSERT [dbo].[Categories] ([NoCategorie], [Description]) VALUES ( 28, 'Drame sentimental')
INSERT [dbo].[Categories] ([NoCategorie], [Description]) VALUES ( 29, 'Drame social')
INSERT [dbo].[Categories] ([NoCategorie], [Description]) VALUES ( 30, 'Drame')
INSERT [dbo].[Categories] ([NoCategorie], [Description]) VALUES ( 31, 'Espionnage')
INSERT [dbo].[Categories] ([NoCategorie], [Description]) VALUES ( 32, 'Expérimental')
INSERT [dbo].[Categories] ([NoCategorie], [Description]) VALUES ( 33, 'Fantastique')
INSERT [dbo].[Categories] ([NoCategorie], [Description]) VALUES ( 34, 'Film à sketches')
INSERT [dbo].[Categories] ([NoCategorie], [Description]) VALUES ( 35, 'Film d''animatio')
INSERT [dbo].[Categories] ([NoCategorie], [Description]) VALUES ( 36, 'Film d''art martial')
INSERT [dbo].[Categories] ([NoCategorie], [Description]) VALUES ( 37, 'Historique')
INSERT [dbo].[Categories] ([NoCategorie], [Description]) VALUES ( 38, 'Horreur')
INSERT [dbo].[Categories] ([NoCategorie], [Description]) VALUES ( 39, 'Humoristique')
INSERT [dbo].[Categories] ([NoCategorie], [Description]) VALUES ( 40, 'Marionnettes')
INSERT [dbo].[Categories] ([NoCategorie], [Description]) VALUES ( 41, 'Mélodrame')
INSERT [dbo].[Categories] ([NoCategorie], [Description]) VALUES ( 42, 'Musical')
INSERT [dbo].[Categories] ([NoCategorie], [Description]) VALUES ( 43, 'Road movie')
INSERT [dbo].[Categories] ([NoCategorie], [Description]) VALUES ( 44, 'Romantique')
INSERT [dbo].[Categories] ([NoCategorie], [Description]) VALUES ( 45, 'Science-fictio')
INSERT [dbo].[Categories] ([NoCategorie], [Description]) VALUES ( 46, 'Série policière')
INSERT [dbo].[Categories] ([NoCategorie], [Description]) VALUES ( 47, 'Série TV')
INSERT [dbo].[Categories] ([NoCategorie], [Description]) VALUES ( 48, 'Spectacle d''humour')
INSERT [dbo].[Categories] ([NoCategorie], [Description]) VALUES ( 49, 'Spectacle musical')
INSERT [dbo].[Categories] ([NoCategorie], [Description]) VALUES ( 50, 'Suspense')
INSERT [dbo].[Categories] ([NoCategorie], [Description]) VALUES ( 51, 'Wester')

GO
INSERT [dbo].[Exemplaires] ([NoExemplaire], [NoUtilisateurProprietaire]) VALUES (21100101, 3)
INSERT [dbo].[Exemplaires] ([NoExemplaire], [NoUtilisateurProprietaire]) VALUES (21100201, 4)
INSERT [dbo].[Exemplaires] ([NoExemplaire], [NoUtilisateurProprietaire]) VALUES (21100301, 6)
INSERT [dbo].[Exemplaires] ([NoExemplaire], [NoUtilisateurProprietaire]) VALUES (21100401, 6)
INSERT [dbo].[Exemplaires] ([NoExemplaire], [NoUtilisateurProprietaire]) VALUES (21100501, 2)
INSERT [dbo].[Exemplaires] ([NoExemplaire], [NoUtilisateurProprietaire]) VALUES (21100601, 2)
INSERT [dbo].[Exemplaires] ([NoExemplaire], [NoUtilisateurProprietaire]) VALUES (21100701, 3)
INSERT [dbo].[Exemplaires] ([NoExemplaire], [NoUtilisateurProprietaire]) VALUES (21100801, 4)
INSERT [dbo].[Exemplaires] ([NoExemplaire], [NoUtilisateurProprietaire]) VALUES (21100901, 3)
INSERT [dbo].[Exemplaires] ([NoExemplaire], [NoUtilisateurProprietaire]) VALUES ( 21101001, 3)
INSERT [dbo].[Exemplaires] ([NoExemplaire], [NoUtilisateurProprietaire]) VALUES ( 21101101, 6)
INSERT [dbo].[Exemplaires] ([NoExemplaire], [NoUtilisateurProprietaire]) VALUES ( 21101201, 4)
INSERT [dbo].[Exemplaires] ([NoExemplaire], [NoUtilisateurProprietaire]) VALUES ( 21101301, 2)
INSERT [dbo].[Exemplaires] ([NoExemplaire], [NoUtilisateurProprietaire]) VALUES ( 21101401, 2)
INSERT [dbo].[Exemplaires] ([NoExemplaire], [NoUtilisateurProprietaire]) VALUES ( 21110101, 3)
INSERT [dbo].[Exemplaires] ([NoExemplaire], [NoUtilisateurProprietaire]) VALUES ( 21110201, 3)
INSERT [dbo].[Exemplaires] ([NoExemplaire], [NoUtilisateurProprietaire]) VALUES ( 21110301, 3)
INSERT [dbo].[Exemplaires] ([NoExemplaire], [NoUtilisateurProprietaire]) VALUES ( 21110401, 6)
INSERT [dbo].[Exemplaires] ([NoExemplaire], [NoUtilisateurProprietaire]) VALUES ( 21110501, 3)
INSERT [dbo].[Exemplaires] ([NoExemplaire], [NoUtilisateurProprietaire]) VALUES ( 21110601, 3)
INSERT [dbo].[Exemplaires] ([NoExemplaire], [NoUtilisateurProprietaire]) VALUES ( 21110701, 2)
INSERT [dbo].[Exemplaires] ([NoExemplaire], [NoUtilisateurProprietaire]) VALUES ( 21110801, 3)
INSERT [dbo].[Exemplaires] ([NoExemplaire], [NoUtilisateurProprietaire]) VALUES ( 21110901, 3)
INSERT [dbo].[Exemplaires] ([NoExemplaire], [NoUtilisateurProprietaire]) VALUES ( 21111001, 2)
INSERT [dbo].[Exemplaires] ([NoExemplaire], [NoUtilisateurProprietaire]) VALUES ( 21111101, 6)
INSERT [dbo].[Exemplaires] ([NoExemplaire], [NoUtilisateurProprietaire]) VALUES ( 21111201, 4)
INSERT [dbo].[Exemplaires] ([NoExemplaire], [NoUtilisateurProprietaire]) VALUES ( 21111301, 3)
INSERT [dbo].[Exemplaires] ([NoExemplaire], [NoUtilisateurProprietaire]) VALUES ( 21111401, 3)
INSERT [dbo].[Exemplaires] ([NoExemplaire], [NoUtilisateurProprietaire]) VALUES ( 21111501, 6)
INSERT [dbo].[Exemplaires] ([NoExemplaire], [NoUtilisateurProprietaire]) VALUES ( 21111601, 3)
INSERT [dbo].[Exemplaires] ([NoExemplaire], [NoUtilisateurProprietaire]) VALUES ( 21111701, 6)
INSERT [dbo].[Exemplaires] ([NoExemplaire], [NoUtilisateurProprietaire]) VALUES ( 21111801, 4)
INSERT [dbo].[Exemplaires] ([NoExemplaire], [NoUtilisateurProprietaire]) VALUES ( 21111901, 3)
INSERT [dbo].[Exemplaires] ([NoExemplaire], [NoUtilisateurProprietaire]) VALUES ( 21120101, 2)
INSERT [dbo].[Exemplaires] ([NoExemplaire], [NoUtilisateurProprietaire]) VALUES ( 21120201, 6)
INSERT [dbo].[Exemplaires] ([NoExemplaire], [NoUtilisateurProprietaire]) VALUES ( 21120301, 6)
GO

INSERT [dbo].[EmpruntsFilms] ([NoExemplaire], [NoUtilisateur], [DateEmprunt]) VALUES (21100101, 3, CAST('2021-10-01T00:00:00.000' AS DateTime))
INSERT [dbo].[EmpruntsFilms] ([NoExemplaire], [NoUtilisateur], [DateEmprunt]) VALUES (21100201, 4, CAST('2021-10-01T00:00:00.000' AS DateTime))
INSERT [dbo].[EmpruntsFilms] ([NoExemplaire], [NoUtilisateur], [DateEmprunt]) VALUES (21100301, 6, CAST('2021-10-01T00:00:00.000' AS DateTime))
INSERT [dbo].[EmpruntsFilms] ([NoExemplaire], [NoUtilisateur], [DateEmprunt]) VALUES (21100401, 6, CAST('2021-10-01T00:00:00.000' AS DateTime))
INSERT [dbo].[EmpruntsFilms] ([NoExemplaire], [NoUtilisateur], [DateEmprunt]) VALUES (21100501, 2, CAST('2021-10-02T00:00:00.000' AS DateTime))
INSERT [dbo].[EmpruntsFilms] ([NoExemplaire], [NoUtilisateur], [DateEmprunt]) VALUES (21100601, 2, CAST('2021-10-02T00:00:00.000' AS DateTime))
INSERT [dbo].[EmpruntsFilms] ([NoExemplaire], [NoUtilisateur], [DateEmprunt]) VALUES (21100701, 3, CAST('2021-10-05T00:00:00.000' AS DateTime))
INSERT [dbo].[EmpruntsFilms] ([NoExemplaire], [NoUtilisateur], [DateEmprunt]) VALUES (21100801, 4, CAST('2021-10-07T00:00:00.000' AS DateTime))
INSERT [dbo].[EmpruntsFilms] ([NoExemplaire], [NoUtilisateur], [DateEmprunt]) VALUES (21100901, 3, CAST('2021-10-09T00:00:00.000' AS DateTime))
INSERT [dbo].[EmpruntsFilms] ([NoExemplaire], [NoUtilisateur], [DateEmprunt]) VALUES ( 21101001, 3, CAST('2021-10-10T00:00:00.000' AS DateTime))
INSERT [dbo].[EmpruntsFilms] ([NoExemplaire], [NoUtilisateur], [DateEmprunt]) VALUES ( 21101101, 6, CAST('2021-10-11T00:00:00.000' AS DateTime))
INSERT [dbo].[EmpruntsFilms] ([NoExemplaire], [NoUtilisateur], [DateEmprunt]) VALUES ( 21101201, 4, CAST('2021-10-23T00:00:00.000' AS DateTime))
INSERT [dbo].[EmpruntsFilms] ([NoExemplaire], [NoUtilisateur], [DateEmprunt]) VALUES ( 21101301, 2, CAST('2021-10-24T00:00:00.000' AS DateTime))
INSERT [dbo].[EmpruntsFilms] ([NoExemplaire], [NoUtilisateur], [DateEmprunt]) VALUES ( 21101401, 2, CAST('2021-10-24T00:00:00.000' AS DateTime))
INSERT [dbo].[EmpruntsFilms] ([NoExemplaire], [NoUtilisateur], [DateEmprunt]) VALUES ( 21110101, 3, CAST('2021-11-01T00:00:00.000' AS DateTime))
INSERT [dbo].[EmpruntsFilms] ([NoExemplaire], [NoUtilisateur], [DateEmprunt]) VALUES ( 21110201, 3, CAST('2021-11-02T00:00:00.000' AS DateTime))
INSERT [dbo].[EmpruntsFilms] ([NoExemplaire], [NoUtilisateur], [DateEmprunt]) VALUES ( 21110301, 3, CAST('2021-11-03T00:00:00.000' AS DateTime))
INSERT [dbo].[EmpruntsFilms] ([NoExemplaire], [NoUtilisateur], [DateEmprunt]) VALUES ( 21110401, 6, CAST('2021-11-08T00:00:00.000' AS DateTime))
INSERT [dbo].[EmpruntsFilms] ([NoExemplaire], [NoUtilisateur], [DateEmprunt]) VALUES ( 21110501, 3, CAST('2021-11-13T00:00:00.000' AS DateTime))
INSERT [dbo].[EmpruntsFilms] ([NoExemplaire], [NoUtilisateur], [DateEmprunt]) VALUES ( 21110601, 3, CAST('2021-11-14T00:00:00.000' AS DateTime))
INSERT [dbo].[EmpruntsFilms] ([NoExemplaire], [NoUtilisateur], [DateEmprunt]) VALUES ( 21110701, 2, CAST('2021-11-15T00:00:00.000' AS DateTime))
INSERT [dbo].[EmpruntsFilms] ([NoExemplaire], [NoUtilisateur], [DateEmprunt]) VALUES ( 21110801, 3, CAST('2021-11-16T00:00:00.000' AS DateTime))
INSERT [dbo].[EmpruntsFilms] ([NoExemplaire], [NoUtilisateur], [DateEmprunt]) VALUES ( 21110901, 3, CAST('2021-11-17T00:00:00.000' AS DateTime))
INSERT [dbo].[EmpruntsFilms] ([NoExemplaire], [NoUtilisateur], [DateEmprunt]) VALUES ( 21111001, 2, CAST('2021-11-17T00:00:00.000' AS DateTime))
INSERT [dbo].[EmpruntsFilms] ([NoExemplaire], [NoUtilisateur], [DateEmprunt]) VALUES ( 21111101, 6, CAST('2021-11-18T00:00:00.000' AS DateTime))
INSERT [dbo].[EmpruntsFilms] ([NoExemplaire], [NoUtilisateur], [DateEmprunt]) VALUES ( 21111201, 4, CAST('2021-11-19T00:00:00.000' AS DateTime))
INSERT [dbo].[EmpruntsFilms] ([NoExemplaire], [NoUtilisateur], [DateEmprunt]) VALUES ( 21111301, 3, CAST('2021-11-20T00:00:00.000' AS DateTime))
INSERT [dbo].[EmpruntsFilms] ([NoExemplaire], [NoUtilisateur], [DateEmprunt]) VALUES ( 21111401, 3, CAST('2021-11-21T00:00:00.000' AS DateTime))
INSERT [dbo].[EmpruntsFilms] ([NoExemplaire], [NoUtilisateur], [DateEmprunt]) VALUES ( 21111501, 6, CAST('2021-11-22T00:00:00.000' AS DateTime))
INSERT [dbo].[EmpruntsFilms] ([NoExemplaire], [NoUtilisateur], [DateEmprunt]) VALUES ( 21111601, 3, CAST('2021-11-23T00:00:00.000' AS DateTime))
INSERT [dbo].[EmpruntsFilms] ([NoExemplaire], [NoUtilisateur], [DateEmprunt]) VALUES ( 21111701, 6, CAST('2021-11-24T00:00:00.000' AS DateTime))
INSERT [dbo].[EmpruntsFilms] ([NoExemplaire], [NoUtilisateur], [DateEmprunt]) VALUES ( 21111801, 4, CAST('2021-11-25T00:00:00.000' AS DateTime))
INSERT [dbo].[EmpruntsFilms] ([NoExemplaire], [NoUtilisateur], [DateEmprunt]) VALUES ( 21111901, 3, CAST('2021-11-26T00:00:00.000' AS DateTime))
INSERT [dbo].[EmpruntsFilms] ([NoExemplaire], [NoUtilisateur], [DateEmprunt]) VALUES ( 21120101, 2, CAST('2021-12-01T00:00:00.000' AS DateTime))
INSERT [dbo].[EmpruntsFilms] ([NoExemplaire], [NoUtilisateur], [DateEmprunt]) VALUES ( 21120201, 6, CAST('2021-12-02T00:00:00.000' AS DateTime))
INSERT [dbo].[EmpruntsFilms] ([NoExemplaire], [NoUtilisateur], [DateEmprunt]) VALUES ( 21120301, 6, CAST('2021-12-03T00:00:00.000' AS DateTime))
GO
INSERT [dbo].[Formats] ([NoFormat], [Description]) VALUES ( 1, 'Blu-Ray')
INSERT [dbo].[Formats] ([NoFormat], [Description]) VALUES ( 2, 'Normal')
INSERT [dbo].[Formats] ([NoFormat], [Description]) VALUES ( 3, 'Panoramique')
GO
INSERT [dbo].[Langues] ([NoLangue], [Langue]) VALUES ( 1, 'Français')
INSERT [dbo].[Langues] ([NoLangue], [Langue]) VALUES ( 2, 'Anglais')
INSERT [dbo].[Langues] ([NoLangue], [Langue]) VALUES ( 3, 'Espagnol')
GO
INSERT [dbo].[Preference] ([NoPreference], [Description]) VALUES ( 1, 'Couleur de fond')
INSERT [dbo].[Preference] ([NoPreference], [Description]) VALUES ( 2, 'Couleur du texte')
INSERT [dbo].[Preference] ([NoPreference], [Description]) VALUES ( 3, 'Envoi courriel si ajout')
INSERT [dbo].[Preference] ([NoPreference], [Description]) VALUES ( 4, 'Envoi courriel si appropriatio')
INSERT [dbo].[Preference] ([NoPreference], [Description]) VALUES ( 5, 'Envoi courriel si suppressio')
INSERT [dbo].[Preference] ([NoPreference], [Description]) VALUES ( 6, 'Image de fond')
INSERT [dbo].[Preference] ([NoPreference], [Description]) VALUES ( 7, 'Nombre de films par page')
GO
INSERT [dbo].[Producteurs] ([NoProducteur], [Nom]) VALUES (1, 'Francis Ford Coppola')
INSERT [dbo].[Producteurs] ([NoProducteur], [Nom]) VALUES (2, 'Jerry Weintraub')
INSERT [dbo].[Producteurs] ([NoProducteur], [Nom]) VALUES (3, 'Jim Czarnecki')
INSERT [dbo].[Producteurs] ([NoProducteur], [Nom]) VALUES (4, 'Michael Wimer')
INSERT [dbo].[Producteurs] ([NoProducteur], [Nom]) VALUES (5, 'Pierre Eve')
INSERT [dbo].[Producteurs] ([NoProducteur], [Nom]) VALUES (6, 'Edward S. Feldma')
INSERT [dbo].[Producteurs] ([NoProducteur], [Nom]) VALUES (7, 'Nicole Robert')
INSERT [dbo].[Producteurs] ([NoProducteur], [Nom]) VALUES (8, 'Pierre Gendro')
INSERT [dbo].[Producteurs] ([NoProducteur], [Nom]) VALUES (9, 'Xavier Dola')
INSERT [dbo].[Producteurs] ([NoProducteur], [Nom]) VALUES ( 10, 'Albert S. Ruddy')
INSERT [dbo].[Producteurs] ([NoProducteur], [Nom]) VALUES ( 11, 'Henry Fonda')
INSERT [dbo].[Producteurs] ([NoProducteur], [Nom]) VALUES ( 12, 'George Clooney')
INSERT [dbo].[Producteurs] ([NoProducteur], [Nom]) VALUES ( 13, 'Niki Marvi')
INSERT [dbo].[Producteurs] ([NoProducteur], [Nom]) VALUES ( 14, 'Peter Jackso')
INSERT [dbo].[Producteurs] ([NoProducteur], [Nom]) VALUES ( 15, 'Stephen J. Cannell')
INSERT [dbo].[Producteurs] ([NoProducteur], [Nom]) VALUES ( 16, 'Oren Peli')
INSERT [dbo].[Producteurs] ([NoProducteur], [Nom]) VALUES ( 17, 'Matthew Gross')
GO
INSERT [dbo].[Realisateurs] ([NoRealisateur], [Nom]) VALUES (1, 'Francis Ford Coppola')
INSERT [dbo].[Realisateurs] ([NoRealisateur], [Nom]) VALUES (2, 'Claude Desrosiers')
INSERT [dbo].[Realisateurs] ([NoRealisateur], [Nom]) VALUES (3, 'Steven Soderbergh')
INSERT [dbo].[Realisateurs] ([NoRealisateur], [Nom]) VALUES (4, 'Michael Moore')
INSERT [dbo].[Realisateurs] ([NoRealisateur], [Nom]) VALUES (5, 'Roland Emmerich')
INSERT [dbo].[Realisateurs] ([NoRealisateur], [Nom]) VALUES (6, 'Jean-Marc Vallée')
INSERT [dbo].[Realisateurs] ([NoRealisateur], [Nom]) VALUES (7, 'Kevin Lima')
INSERT [dbo].[Realisateurs] ([NoRealisateur], [Nom]) VALUES (8, 'Yves Pelletier')
INSERT [dbo].[Realisateurs] ([NoRealisateur], [Nom]) VALUES (9, 'Éric Canuel')
INSERT [dbo].[Realisateurs] ([NoRealisateur], [Nom]) VALUES ( 10, 'Xavier Dola')
INSERT [dbo].[Realisateurs] ([NoRealisateur], [Nom]) VALUES ( 11, 'Sidney Lumet')
INSERT [dbo].[Realisateurs] ([NoRealisateur], [Nom]) VALUES ( 12, 'John Maybury')
INSERT [dbo].[Realisateurs] ([NoRealisateur], [Nom]) VALUES ( 13, 'Frank Darabont')
INSERT [dbo].[Realisateurs] ([NoRealisateur], [Nom]) VALUES ( 14, 'Andy Tennant')
INSERT [dbo].[Realisateurs] ([NoRealisateur], [Nom]) VALUES ( 15, 'Joe Carnaha')
INSERT [dbo].[Realisateurs] ([NoRealisateur], [Nom]) VALUES ( 16, 'Oren Peli')
INSERT [dbo].[Realisateurs] ([NoRealisateur], [Nom]) VALUES ( 17, 'Philippe Gagno')
INSERT [dbo].[Realisateurs] ([NoRealisateur], [Nom]) VALUES ( 18, 'Julie Taymor')
GO
INSERT [dbo].[SousTitres] ([NoSousTitre], [LangueSousTitre]) VALUES ( 1, 'Français')
INSERT [dbo].[SousTitres] ([NoSousTitre], [LangueSousTitre]) VALUES ( 2, 'Anglais')
INSERT [dbo].[SousTitres] ([NoSousTitre], [LangueSousTitre]) VALUES ( 3, 'Espagnol')
GO
INSERT [dbo].[Supplements] ([NoSupplement], [Description]) VALUES (1, 'Bande-annonce (Trailer)')
INSERT [dbo].[Supplements] ([NoSupplement], [Description]) VALUES (2, 'Bande sonore')
INSERT [dbo].[Supplements] ([NoSupplement], [Description]) VALUES (3, 'Commentaires audio')
INSERT [dbo].[Supplements] ([NoSupplement], [Description]) VALUES (4, 'Documentaire sur la création du film')
INSERT [dbo].[Supplements] ([NoSupplement], [Description]) VALUES (5, 'Fin alternative')
INSERT [dbo].[Supplements] ([NoSupplement], [Description]) VALUES (6, 'Gaffes (Bloopers)')
INSERT [dbo].[Supplements] ([NoSupplement], [Description]) VALUES (7, 'Galerie d''images')
INSERT [dbo].[Supplements] ([NoSupplement], [Description]) VALUES (8, 'Interprètes et artisans')
INSERT [dbo].[Supplements] ([NoSupplement], [Description]) VALUES (9, 'Montages de prises ratées')
INSERT [dbo].[Supplements] ([NoSupplement], [Description]) VALUES ( 10, 'Notes de productio')
INSERT [dbo].[Supplements] ([NoSupplement], [Description]) VALUES ( 11, 'Sauvegarde d''écra')
INSERT [dbo].[Supplements] ([NoSupplement], [Description]) VALUES ( 12, 'Scènes inédites')
INSERT [dbo].[Supplements] ([NoSupplement], [Description]) VALUES ( 13, 'Scènes supprimées')
INSERT [dbo].[Supplements] ([NoSupplement], [Description]) VALUES ( 14, 'Sélection des scènes')
INSERT [dbo].[Supplements] ([NoSupplement], [Description]) VALUES ( 15, 'Visionneur de scénario-maquette')
GO
INSERT [dbo].[Films] ([NoFilm], [AnneeSortie], [NoCategorie], [NoFormat], [DateMAJ], [NoUtilisateurMAJ], [Resume], [DureeMinutes], [FilmOriginal], [ImagePochette], [NbDisques], [TitreFrancais], [TitreOriginal], [VersionEtendue], [NoRealisateur], [NoProducteur], [XTra]) VALUES ('211001', 1979, 20, 3, CAST('2018-10-01T00:00:00.000' AS DateTime), 3, 'Le capitaine Willard (Martin Sheen) est envoyé au Cambodge avec pour mission d''exécuter le colonel Kurtz (Marlon Brando), un officier américain déserteur qui a perdu la raison et s''est improvisé souverain d''une tribu indigène. En descendant la rivière qui le mènera à son but, Willard rencontre le lieutenant colonel Kilgore (Robert Duvall) dont l''amour de la guerre ''a d''égal que sa passion pour le " surf ".', 217, NULL, '211001.jpg', 3, 'C''est l''apocalypse', 'Apocalypse now', 1, 1, 1, 'http://www.cinemamontreal.com/films/3114/C_est_l_Apocalypse.html')
INSERT [dbo].[Films] ([NoFilm], [AnneeSortie], [NoCategorie], [NoFormat], [DateMAJ], [NoUtilisateurMAJ], [Resume], [DureeMinutes], [FilmOriginal], [ImagePochette], [NbDisques], [TitreFrancais], [TitreOriginal], [VersionEtendue], [NoRealisateur], [NoProducteur], [XTra]) VALUES ('211002', 2004, 15, 3, CAST('2018-10-01T00:00:00.000' AS DateTime), 4, 'En 2035, la couche d''ozone a été détruite par le gaz carbonique des voitures, l''industrie chimique et le pouch-pouch en ca-cane. La Terre cuit sous les rayons du soleil et les compagnies de crême solaire s''enrichissent. Il faut trouver une nouvelle planète pour six milliards de tatas. Le capitaine Charles Patenaude et son équipage s''embarquent ainsi sur le vaisseau spatial Romano Fafard, en route vers les confins de l''univers !', 109, 1, '211002.jpg', 1, 'Dans une galaxie près de chez vous', 'Dans une galaxie près de chez vous', 0, 2, NULL, 'http://www.cinemamontreal.com/films/5918/Dans_une_galaxie_pres_de_chez_vous.html')
INSERT [dbo].[Films] ([NoFilm], [AnneeSortie], [NoCategorie], [NoFormat], [DateMAJ], [NoUtilisateurMAJ], [Resume], [DureeMinutes], [FilmOriginal], [ImagePochette], [NbDisques], [TitreFrancais], [TitreOriginal], [VersionEtendue], [NoRealisateur], [NoProducteur], [XTra]) VALUES ('211003', 2007, 50, 1, CAST('2018-10-01T00:00:00.000' AS DateTime), 6, NULL, 122, 1, '211003.jpg', 1, 'Danny Ocean 13', 'Ocea''s thirtee', 0, 3, 2, 'http://www.cinemamontreal.com/films/10648/Danny_Ocean_13.html')
INSERT [dbo].[Films] ([NoFilm], [AnneeSortie], [NoCategorie], [NoFormat], [DateMAJ], [NoUtilisateurMAJ], [Resume], [DureeMinutes], [FilmOriginal], [ImagePochette], [NbDisques], [TitreFrancais], [TitreOriginal], [VersionEtendue], [NoRealisateur], [NoProducteur], [XTra]) VALUES ('211004', 2004, 19, 1, CAST('2018-10-01T00:00:00.000' AS DateTime), 6, 'Michael Moore présente avec scepticisme le Président George W. Bush et ses propres conseillers. Prenant pour point de départ l''élection controversée de 2000, le réalisateur retrace l''improbable ascension d''un médiocre pétrolier texan devenu maître du monde libre. Puis il ouvre la boîte de Pandore du Président et révèle les liens personnels et financiers qui unissent la famille Bush à celle de Ben Laden. Michael Moore y dénonce également les méfaits du Patriot Act et les souffrances provoquées pa', 110, 1, '211004.jpg', 1, 'Fahrenheit 9/11 v.f.', 'Fahrenheit 9/11', 0, 4, 3, 'http://www.cinemamontreal.com/films/6399/Fahrenheit_9_11_v_f.html')
INSERT [dbo].[Films] ([NoFilm], [AnneeSortie], [NoCategorie], [NoFormat], [DateMAJ], [NoUtilisateurMAJ], [Resume], [DureeMinutes], [FilmOriginal], [ImagePochette], [NbDisques], [TitreFrancais], [TitreOriginal], [VersionEtendue], [NoRealisateur], [NoProducteur], [XTra]) VALUES ('211005', NULL, NULL, NULL, CAST('2018-10-02T00:00:00.000' AS DateTime), 2, NULL, NULL, NULL, NULL, NULL, 'Opération G-Force', 'G-Force', NULL, NULL, NULL, 'http://www.cinemamontreal.com/films/13879/G-Force.html')
INSERT [dbo].[Films] ([NoFilm], [AnneeSortie], [NoCategorie], [NoFormat], [DateMAJ], [NoUtilisateurMAJ], [Resume], [DureeMinutes], [FilmOriginal], [ImagePochette], [NbDisques], [TitreFrancais], [TitreOriginal], [VersionEtendue], [NoRealisateur], [NoProducteur], [XTra]) VALUES ('211006', 2008, 30, 3, CAST('2018-10-02T00:00:00.000' AS DateTime), 2, '10 000 ans avant J-C, un homme de 21 et sa tribu luttent pour survivre en chassant les mammouths. Quand les chasseurs de son clan et la princesse dont il est tombé amoureux sont faits prisonniers, il se lance à leur secours...', 109, 1, '211006.jpg', 1, '10 000 av. J.-C.', '10,000 B.C.', 0, 5, 4, 'http://www.cinemamontreal.com/films/10687/10_000_av__J_-C.html')
INSERT [dbo].[Films] ([NoFilm], [AnneeSortie], [NoCategorie], [NoFormat], [DateMAJ], [NoUtilisateurMAJ], [Resume], [DureeMinutes], [FilmOriginal], [ImagePochette], [NbDisques], [TitreFrancais], [TitreOriginal], [VersionEtendue], [NoRealisateur], [NoProducteur], [XTra]) VALUES ('211007', NULL, NULL, NULL, CAST('2018-10-05T00:00:00.000' AS DateTime), 3, NULL, NULL, NULL, NULL, NULL, 'Ghandi', NULL, NULL, NULL, NULL, 'http://www.cinemamontreal.com/films/3601/Gandhi.html')
INSERT [dbo].[Films] ([NoFilm], [AnneeSortie], [NoCategorie], [NoFormat], [DateMAJ], [NoUtilisateurMAJ], [Resume], [DureeMinutes], [FilmOriginal], [ImagePochette], [NbDisques], [TitreFrancais], [TitreOriginal], [VersionEtendue], [NoRealisateur], [NoProducteur], [XTra]) VALUES ('211008', 2005, 30, 3, CAST('2018-10-07T00:00:00.000' AS DateTime), 4, '25 décembre 1960: Zachary Beaulieu vient au monde, quatrième d''une famille de cinq garçons. Famille de banlieue sans histoire avec une mère aimante et un père un peu bourru, mais fier de ses garçons. Le début d''une belle enfance, où se succèdent les Noël et les anniversaires avec l''éternel solo du père Beaulieu chantant Aznavour, Emmène-moi au bout de la terre, les séances de lavage de voiture en plein air et les visites au casse-croûte pour Zac, le chouchou de son père pour une fois.', 127, 1, '211008.jpg', 1, 'C.R.A.Z.Y.', 'C.R.A.Z.Y.', 0, 6, 5, 'http://www.cinemamontreal.com/films/8020/C_R_A_Z_Y.html')
INSERT [dbo].[Films] ([NoFilm], [AnneeSortie], [NoCategorie], [NoFormat], [DateMAJ], [NoUtilisateurMAJ], [Resume], [DureeMinutes], [FilmOriginal], [ImagePochette], [NbDisques], [TitreFrancais], [TitreOriginal], [VersionEtendue], [NoRealisateur], [NoProducteur], [XTra]) VALUES ('211009', NULL, NULL, NULL, CAST('2018-10-09T00:00:00.000' AS DateTime), 3, NULL, NULL, NULL, NULL, NULL, 'G.I. Joe: Le réveil du cobra', NULL, NULL, NULL, NULL, 'http://www.cinemamontreal.com/films/16921/G_I__Joe__Le_reveil_du_cobra.html')
INSERT [dbo].[Films] ([NoFilm], [AnneeSortie], [NoCategorie], [NoFormat], [DateMAJ], [NoUtilisateurMAJ], [Resume], [DureeMinutes], [FilmOriginal], [ImagePochette], [NbDisques], [TitreFrancais], [TitreOriginal], [VersionEtendue], [NoRealisateur], [NoProducteur], [XTra]) VALUES ('211010', NULL, NULL, NULL, CAST('2018-10-10T00:00:00.000' AS DateTime), 3, NULL, NULL, NULL, NULL, NULL, 'Les gangs de New-York', NULL, NULL, NULL, NULL, 'http://www.cinemamontreal.com/films/2975/Les_Gangs_de_New-York.html')
INSERT [dbo].[Films] ([NoFilm], [AnneeSortie], [NoCategorie], [NoFormat], [DateMAJ], [NoUtilisateurMAJ], [Resume], [DureeMinutes], [FilmOriginal], [ImagePochette], [NbDisques], [TitreFrancais], [TitreOriginal], [VersionEtendue], [NoRealisateur], [NoProducteur], [XTra]) VALUES ('211011', 2000, 18, 3, CAST('2018-10-11T00:00:00.000' AS DateTime), 6, 'Cruella De Vil (Glenn Close) est libérée de prison pour bonne conduite, avec la promesse que plus jamais elle ''aura affaire avec la fourrure. Promesse rapidement oubliée alors qu''elle échafaude une magouille pour se procurer l''ultime manteau en peaux de dalmatiens.', 100, 1, NULL, 1, '102 Dalmatiens vf.', '102 Dalmatians', 0, 7, 6, 'http://www.cinemamontreal.com/films/2/102_Dalmatiens_vf.html')
INSERT [dbo].[Films] ([NoFilm], [AnneeSortie], [NoCategorie], [NoFormat], [DateMAJ], [NoUtilisateurMAJ], [Resume], [DureeMinutes], [FilmOriginal], [ImagePochette], [NbDisques], [TitreFrancais], [TitreOriginal], [VersionEtendue], [NoRealisateur], [NoProducteur], [XTra]) VALUES ('211012', 2010, 15, 1, CAST('2018-10-23T00:00:00.000' AS DateTime), 4, 'Benoit, un comédien qui survit grâce à un emploi de barman, suit le conseil de son frère Frank, un ex-joueur de hockey devenu son agent. Il décide de se faire pousser la barbe pour un rôle dans un souper-spectacle. Sa blonde Vicky, une ex-dramaturge devenue bibliothécaire, accepte mal cette nouvelle lubie car elle retarde leur projet d''acheter le condo de leurs amis Caro et Vincent, qui tiennent un salon de coiffure et d''esthétique. Mais la barbe de Benoit semble magique: il commence à avoir du ', 100, 1, '211012.jpg', 1, 'Le baiser du barbu', 'Le baiser du barbu', 0, 8, 7, 'http://www.cinemamontreal.com/films/36092/Le_Baiser_du_barbu.html')
INSERT [dbo].[Films] ([NoFilm], [AnneeSortie], [NoCategorie], [NoFormat], [DateMAJ], [NoUtilisateurMAJ], [Resume], [DureeMinutes], [FilmOriginal], [ImagePochette], [NbDisques], [TitreFrancais], [TitreOriginal], [VersionEtendue], [NoRealisateur], [NoProducteur], [XTra]) VALUES ('211013', 2007, 15, 3, CAST('2018-10-24T00:00:00.000' AS DateTime), 2, 'Cadavres raconte, sous la forme d''une comédie cynique résolument moderne, l''éternelle histoire du péché originel. Le jour de la mort de sa mère, Raymond Marchildon appelle à la rescousse Angèle, sa soeur aînée. Il réveille alors la conscience qu''il lui manquait, ainsi que les souvenirs d''un paradis perdu: l''innocence de leur enfance. Le frère et la soeur deviennent rapidement inséparables dans un monde de plus en plus absurde où les cadavres s''accumulent dans le sous-sol de la maison. Voilà que ', 117, 1, '211013.jpg', 1, 'Cadavres', 'Cadavres', 0, 9, 8, 'http://www.cinemamontreal.com/films/12015/Cadavres.html')
INSERT [dbo].[Films] ([NoFilm], [AnneeSortie], [NoCategorie], [NoFormat], [DateMAJ], [NoUtilisateurMAJ], [Resume], [DureeMinutes], [FilmOriginal], [ImagePochette], [NbDisques], [TitreFrancais], [TitreOriginal], [VersionEtendue], [NoRealisateur], [NoProducteur], [XTra]) VALUES ('211014', NULL, NULL, NULL, CAST('2018-10-24T00:00:00.000' AS DateTime), 2, NULL, NULL, NULL, NULL, NULL, 'J''ai tué ma mère', NULL, NULL, 10, 9, 'http://www.cinemamontreal.com/films/32791/J_ai_tue_ma_mere.html')
INSERT [dbo].[Films] ([NoFilm], [AnneeSortie], [NoCategorie], [NoFormat], [DateMAJ], [NoUtilisateurMAJ], [Resume], [DureeMinutes], [FilmOriginal], [ImagePochette], [NbDisques], [TitreFrancais], [TitreOriginal], [VersionEtendue], [NoRealisateur], [NoProducteur], [XTra]) VALUES ('211101', NULL, NULL, NULL, CAST('2018-11-01T00:00:00.000' AS DateTime), 3, NULL, NULL, NULL, NULL, NULL, 'Madagascar v.f.', 'Madagascar', NULL, NULL, NULL, 'http://www.cinemamontreal.com/films/7729/Madagascar_v_f.html')
INSERT [dbo].[Films] ([NoFilm], [AnneeSortie], [NoCategorie], [NoFormat], [DateMAJ], [NoUtilisateurMAJ], [Resume], [DureeMinutes], [FilmOriginal], [ImagePochette], [NbDisques], [TitreFrancais], [TitreOriginal], [VersionEtendue], [NoRealisateur], [NoProducteur], [XTra]) VALUES ('211102', NULL, NULL, NULL, CAST('2018-11-02T00:00:00.000' AS DateTime), 3, NULL, NULL, NULL, NULL, NULL, 'Le Parrai', NULL, NULL, 1, 10, 'http://www.cinemamontreal.com/films/526/Le_Parrain.html')
INSERT [dbo].[Films] ([NoFilm], [AnneeSortie], [NoCategorie], [NoFormat], [DateMAJ], [NoUtilisateurMAJ], [Resume], [DureeMinutes], [FilmOriginal], [ImagePochette], [NbDisques], [TitreFrancais], [TitreOriginal], [VersionEtendue], [NoRealisateur], [NoProducteur], [XTra]) VALUES ('211103', NULL, NULL, NULL, CAST('2018-11-03T00:00:00.000' AS DateTime), 3, NULL, NULL, NULL, NULL, NULL, 'La Bataille de Passchendaele', NULL, NULL, NULL, NULL, 'http://www.cinemamontreal.com/films/19063/Passchendaele.html')
INSERT [dbo].[Films] ([NoFilm], [AnneeSortie], [NoCategorie], [NoFormat], [DateMAJ], [NoUtilisateurMAJ], [Resume], [DureeMinutes], [FilmOriginal], [ImagePochette], [NbDisques], [TitreFrancais], [TitreOriginal], [VersionEtendue], [NoRealisateur], [NoProducteur], [XTra]) VALUES ('211104', 1957, 30, 2, CAST('2018-11-08T00:00:00.000' AS DateTime), 6, NULL, 96, 1, '211104.jpg', 1, '12 hommes en colère', '12 angry me', 0, 11, 11, 'http://www.cinemamontreal.com/films/3546/12_Hommes_En_Colere.html')
INSERT [dbo].[Films] ([NoFilm], [AnneeSortie], [NoCategorie], [NoFormat], [DateMAJ], [NoUtilisateurMAJ], [Resume], [DureeMinutes], [FilmOriginal], [ImagePochette], [NbDisques], [TitreFrancais], [TitreOriginal], [VersionEtendue], [NoRealisateur], [NoProducteur], [XTra]) VALUES ('211105', 2005, 50, 1, CAST('2018-11-13T00:00:00.000' AS DateTime), 3, 'Jack Starks (Adrian Brody) est très chanceux lorsqu''il échappe miraculeusement à la mort lors de la guerre du Golf et retourne dans son pays natal. Malheureusement, sa cicatrice de guerre c''est l''amnésie, ce qui l''empêche, alors qu''il est accusé de meurtre, de se défendre. Il échoue dans un asile où un docteur (Kris Kristofferson) développe, pour éliminer les instincts criminels, un traitement expérimental à base d''un cocktail médicamenteux. Enfermé dans un caisson, ce traitement va le faire voy', 102, 1, '211105.jpg', 1, 'La camisole de force', 'The jacket', 0, 12, 12, 'http://www.cinemamontreal.com/films/7708/La_Camisole_de_force.html')
INSERT [dbo].[Films] ([NoFilm], [AnneeSortie], [NoCategorie], [NoFormat], [DateMAJ], [NoUtilisateurMAJ], [Resume], [DureeMinutes], [FilmOriginal], [ImagePochette], [NbDisques], [TitreFrancais], [TitreOriginal], [VersionEtendue], [NoRealisateur], [NoProducteur], [XTra]) VALUES ('211106', NULL, NULL, NULL, CAST('2018-11-14T00:00:00.000' AS DateTime), 3, NULL, NULL, NULL, NULL, NULL, 'La passion du Christ', NULL, NULL, NULL, NULL, 'http://www.cinemamontreal.com/films/5811/La_Passion_du_Christ.html')
INSERT [dbo].[Films] ([NoFilm], [AnneeSortie], [NoCategorie], [NoFormat], [DateMAJ], [NoUtilisateurMAJ], [Resume], [DureeMinutes], [FilmOriginal], [ImagePochette], [NbDisques], [TitreFrancais], [TitreOriginal], [VersionEtendue], [NoRealisateur], [NoProducteur], [XTra]) VALUES ('211107', 1994, 30, 3, CAST('2018-11-15T00:00:00.000' AS DateTime), 2, NULL, 142, 1, '211107.jpg', 2, 'À l''ombre de Shawshank', 'The Shawshank Redemptio', 0, 13, 13, 'http://www.cinemamontreal.com/films/1194/A_l_ombre_de_Shawshank.html')
INSERT [dbo].[Films] ([NoFilm], [AnneeSortie], [NoCategorie], [NoFormat], [DateMAJ], [NoUtilisateurMAJ], [Resume], [DureeMinutes], [FilmOriginal], [ImagePochette], [NbDisques], [TitreFrancais], [TitreOriginal], [VersionEtendue], [NoRealisateur], [NoProducteur], [XTra]) VALUES ('211108', NULL, NULL, NULL, CAST('2018-11-16T00:00:00.000' AS DateTime), 3, NULL, NULL, 0, NULL, NULL, 'Hary Potter et les reliques de la mort : Partie 1', NULL, NULL, NULL, NULL, 'http://www.cinemamontreal.com/films/21868/Harry_Potter_et_les_reliques_de_la_mort__Partie_1.html')
INSERT [dbo].[Films] ([NoFilm], [AnneeSortie], [NoCategorie], [NoFormat], [DateMAJ], [NoUtilisateurMAJ], [Resume], [DureeMinutes], [FilmOriginal], [ImagePochette], [NbDisques], [TitreFrancais], [TitreOriginal], [VersionEtendue], [NoRealisateur], [NoProducteur], [XTra]) VALUES ('211109', NULL, NULL, NULL, CAST('2018-11-17T00:00:00.000' AS DateTime), 3, NULL, NULL, NULL, NULL, NULL, 'La saga Twilight : Hésitatio', NULL, NULL, NULL, NULL, 'http://www.cinemamontreal.com/films/35777/La_Saga_Twilight__Hesitation.html')
INSERT [dbo].[Films] ([NoFilm], [AnneeSortie], [NoCategorie], [NoFormat], [DateMAJ], [NoUtilisateurMAJ], [Resume], [DureeMinutes], [FilmOriginal], [ImagePochette], [NbDisques], [TitreFrancais], [TitreOriginal], [VersionEtendue], [NoRealisateur], [NoProducteur], [XTra]) VALUES ('211110', NULL, NULL, NULL, CAST('2018-11-17T00:00:00.000' AS DateTime), 2, NULL, NULL, NULL, NULL, NULL, 'Le Seigneur des Anneaux: La Communauté de l''Anneau', NULL, NULL, NULL, 14, 'http://www.cinemamontreal.com/films/2046/Le_Seigneur_des_Anneaux__La_Communaute_de_l_Anneau.html')
INSERT [dbo].[Films] ([NoFilm], [AnneeSortie], [NoCategorie], [NoFormat], [DateMAJ], [NoUtilisateurMAJ], [Resume], [DureeMinutes], [FilmOriginal], [ImagePochette], [NbDisques], [TitreFrancais], [TitreOriginal], [VersionEtendue], [NoRealisateur], [NoProducteur], [XTra]) VALUES ('211111', NULL, NULL, NULL, CAST('2018-11-18T00:00:00.000' AS DateTime), 6, NULL, NULL, NULL, NULL, NULL, 'Le Seigneur des anneaux: le retour du roi ', NULL, NULL, NULL, 14, 'http://www.cinemamontreal.com/films/4965/Le_Seigneur_des_anneaux__le_retour_du_roi.html')
INSERT [dbo].[Films] ([NoFilm], [AnneeSortie], [NoCategorie], [NoFormat], [DateMAJ], [NoUtilisateurMAJ], [Resume], [DureeMinutes], [FilmOriginal], [ImagePochette], [NbDisques], [TitreFrancais], [TitreOriginal], [VersionEtendue], [NoRealisateur], [NoProducteur], [XTra]) VALUES ('211112', 1998, 44, 3, CAST('2018-11-19T00:00:00.000' AS DateTime), 4, 'Nous sommes au 16e sciècle. Danielle est une jeune femme, qui aime lire, et qui est capable de citer facilement des extraits d''Utopia de Thomas Moore. Elle en possede assez de charme pour capturer le coeur d''un prince... après l''avoir tiré de son cheval avec une pomme.', 121, 1, '211112.jpg', 1, 'À Tout Jamais', 'Ever After', 0, 14, NULL, 'http://www.cinemamontreal.com/films/435/A_Tout_Jamais.html')
INSERT [dbo].[Films] ([NoFilm], [AnneeSortie], [NoCategorie], [NoFormat], [DateMAJ], [NoUtilisateurMAJ], [Resume], [DureeMinutes], [FilmOriginal], [ImagePochette], [NbDisques], [TitreFrancais], [TitreOriginal], [VersionEtendue], [NoRealisateur], [NoProducteur], [XTra]) VALUES ('211113', NULL, NULL, NULL, CAST('2018-11-20T00:00:00.000' AS DateTime), 3, NULL, NULL, NULL, NULL, NULL, 'Le Seigneur des Anneaux: Les Deux Tours', NULL, NULL, NULL, 14, 'http://www.cinemamontreal.com/films/3671/Le_Seigneur_des_Anneaux__Les_Deux_Tours.html')
INSERT [dbo].[Films] ([NoFilm], [AnneeSortie], [NoCategorie], [NoFormat], [DateMAJ], [NoUtilisateurMAJ], [Resume], [DureeMinutes], [FilmOriginal], [ImagePochette], [NbDisques], [TitreFrancais], [TitreOriginal], [VersionEtendue], [NoRealisateur], [NoProducteur], [XTra]) VALUES ('211114', 2010, 15, 1, CAST('2018-11-21T00:00:00.000' AS DateTime), 3, 'Quatre soldats américains sont arrêtés au Moyen-Orient suite à une mission secrète. Ils s''échappent de la prison militaire pour monter une équipe de mercenaires du bien.', 117, 1, '211114.jpg', 1, 'L''Agence tous risques', 'The A-Team', 0, 15, 15, 'http://www.cinemamontreal.com/films/20568/L_Agence_tous_risques.html')
INSERT [dbo].[Films] ([NoFilm], [AnneeSortie], [NoCategorie], [NoFormat], [DateMAJ], [NoUtilisateurMAJ], [Resume], [DureeMinutes], [FilmOriginal], [ImagePochette], [NbDisques], [TitreFrancais], [TitreOriginal], [VersionEtendue], [NoRealisateur], [NoProducteur], [XTra]) VALUES ('211115', NULL, NULL, NULL, CAST('2018-11-22T00:00:00.000' AS DateTime), 6, NULL, NULL, NULL, NULL, NULL, 'Les Sept jours du Talio', NULL, NULL, NULL, NULL, 'http://www.cinemamontreal.com/films/34235/Les_Sept_jours_du_Talion.html')
INSERT [dbo].[Films] ([NoFilm], [AnneeSortie], [NoCategorie], [NoFormat], [DateMAJ], [NoUtilisateurMAJ], [Resume], [DureeMinutes], [FilmOriginal], [ImagePochette], [NbDisques], [TitreFrancais], [TitreOriginal], [VersionEtendue], [NoRealisateur], [NoProducteur], [XTra]) VALUES ('211116', NULL, NULL, NULL, CAST('2018-11-23T00:00:00.000' AS DateTime), 3, NULL, NULL, 0, NULL, NULL, 'Lance et compte', NULL, NULL, NULL, NULL, 'http://www.lanceetcompte-lefilm.ca/')
INSERT [dbo].[Films] ([NoFilm], [AnneeSortie], [NoCategorie], [NoFormat], [DateMAJ], [NoUtilisateurMAJ], [Resume], [DureeMinutes], [FilmOriginal], [ImagePochette], [NbDisques], [TitreFrancais], [TitreOriginal], [VersionEtendue], [NoRealisateur], [NoProducteur], [XTra]) VALUES ('211117', 2008, 38, 1, CAST('2018-11-24T00:00:00.000' AS DateTime), 6, 'Un couple est hanté par un esprit démoniaque.', 99, 1, '211117.jpg', 1, 'Activité paranormale', 'Paranormal Activity', 0, 16, 16, 'http://www.cinemamontreal.com/films/19213/Activite_paranormale.html')
INSERT [dbo].[Films] ([NoFilm], [AnneeSortie], [NoCategorie], [NoFormat], [DateMAJ], [NoUtilisateurMAJ], [Resume], [DureeMinutes], [FilmOriginal], [ImagePochette], [NbDisques], [TitreFrancais], [TitreOriginal], [VersionEtendue], [NoRealisateur], [NoProducteur], [XTra]) VALUES ('211118', 2008, 15, 3, CAST('2018-11-25T00:00:00.000' AS DateTime), 4, 'Convaincus du bien-fondé de leur mission (et aussi parce qu''ils ''avaient rien d''autre à faire ce jour-là), les membres de l''équipage du vaisseau Romano Fafard explorent de nouvelles galaxies à la recherche d''une planète habitable où déménager les Terriens. Toutefois, cette exploration tourne court suite à la perte accidentelle de la seule sonde qui leur reste. Selon les calculs de Flavien, la sonde se serait écrasée sur la planète "Crème hydratante pour le visage - soulage la peau sèche". Le Ca', 100, 1, '211118.jpg', 1, 'Dans une galaxie près de chez vous 2', 'Dans une galaxie près de chez vous 2', 0, 17, NULL, 'http://www.cinemamontreal.com/films/18091/Dans_une_galaxie_pres_de_chez_vous_2.html')
INSERT [dbo].[Films] ([NoFilm], [AnneeSortie], [NoCategorie], [NoFormat], [DateMAJ], [NoUtilisateurMAJ], [Resume], [DureeMinutes], [FilmOriginal], [ImagePochette], [NbDisques], [TitreFrancais], [TitreOriginal], [VersionEtendue], [NoRealisateur], [NoProducteur], [XTra]) VALUES ('211119', NULL, NULL, NULL, CAST('2018-11-26T00:00:00.000' AS DateTime), 3, NULL, NULL, NULL, NULL, NULL, 'T''choupi, le film', NULL, NULL, NULL, NULL, 'http://www.cinemamontreal.com/films/7712/T_choupi__le_film.html')
INSERT [dbo].[Films] ([NoFilm], [AnneeSortie], [NoCategorie], [NoFormat], [DateMAJ], [NoUtilisateurMAJ], [Resume], [DureeMinutes], [FilmOriginal], [ImagePochette], [NbDisques], [TitreFrancais], [TitreOriginal], [VersionEtendue], [NoRealisateur], [NoProducteur], [XTra]) VALUES ('211201', 2007, 11, 1, CAST('2018-12-01T00:00:00.000' AS DateTime), 2, 'Une histoire d''amour qui se déroule au milieu des années 60 et des manifestations anti-guerre, de la lutte pour la liberté d''expression et les droits civiques, l''exploration des esprits et le rock''n roll. Le film nous fait voyager des Universités du Massachussetts et de l''Ohio, aux émeutes de Détroit et aux champs de batailles du Vietnam, en passant par les docks de Liverpool. Les amants Jude (Jim Sturgess) et Lucy (Evan Rachel Wood) se retrouvent, en compagnie d''une bande de musiciens et d''amis', 133, 1, '211201.jpg', 1, 'À travers l''univers', 'Across the Universe', 0, 18, 17, 'http://www.cinemamontreal.com/films/11057/A_travers_l_univers.html')
INSERT [dbo].[Films] ([NoFilm], [AnneeSortie], [NoCategorie], [NoFormat], [DateMAJ], [NoUtilisateurMAJ], [Resume], [DureeMinutes], [FilmOriginal], [ImagePochette], [NbDisques], [TitreFrancais], [TitreOriginal], [VersionEtendue], [NoRealisateur], [NoProducteur], [XTra]) VALUES ('211202', NULL, NULL, NULL, CAST('2018-12-02T00:00:00.000' AS DateTime), 6, NULL, NULL, NULL, NULL, NULL, 'Le tambour', NULL, NULL, NULL, NULL, 'http://www.cinemamontreal.com/films/3173/Le_Tambour.html')
INSERT [dbo].[Films] ([NoFilm], [AnneeSortie], [NoCategorie], [NoFormat], [DateMAJ], [NoUtilisateurMAJ], [Resume], [DureeMinutes], [FilmOriginal], [ImagePochette], [NbDisques], [TitreFrancais], [TitreOriginal], [VersionEtendue], [NoRealisateur], [NoProducteur], [XTra]) VALUES ('211203', NULL, NULL, NULL, CAST('2018-12-03T00:00:00.000' AS DateTime), 6, NULL, NULL, NULL, NULL, NULL, 'V for Vendetta', NULL, NULL, NULL, NULL, 'http://www.cinemamontreal.com/films/8531/V_for_Vendetta.html')
GO
INSERT [dbo].[FilmsActeurs] ([NoFilm], [NoActeur]) VALUES (211001, 1)
INSERT [dbo].[FilmsActeurs] ([NoFilm], [NoActeur]) VALUES (211001, 2)
INSERT [dbo].[FilmsActeurs] ([NoFilm], [NoActeur]) VALUES (211001, 3)
INSERT [dbo].[FilmsActeurs] ([NoFilm], [NoActeur]) VALUES (211002, 4)
INSERT [dbo].[FilmsActeurs] ([NoFilm], [NoActeur]) VALUES (211002, 5)
INSERT [dbo].[FilmsActeurs] ([NoFilm], [NoActeur]) VALUES (211002, 6)
INSERT [dbo].[FilmsActeurs] ([NoFilm], [NoActeur]) VALUES (211003, 7)
INSERT [dbo].[FilmsActeurs] ([NoFilm], [NoActeur]) VALUES (211003, 8)
INSERT [dbo].[FilmsActeurs] ([NoFilm], [NoActeur]) VALUES (211003, 9)
INSERT [dbo].[FilmsActeurs] ([NoFilm], [NoActeur]) VALUES (211006, 10)
INSERT [dbo].[FilmsActeurs] ([NoFilm], [NoActeur]) VALUES (211006, 11)
INSERT [dbo].[FilmsActeurs] ([NoFilm], [NoActeur]) VALUES (211006, 12)
INSERT [dbo].[FilmsActeurs] ([NoFilm], [NoActeur]) VALUES (211008, 13)
INSERT [dbo].[FilmsActeurs] ([NoFilm], [NoActeur]) VALUES (211008, 14)
INSERT [dbo].[FilmsActeurs] ([NoFilm], [NoActeur]) VALUES (211008, 15)
INSERT [dbo].[FilmsActeurs] ([NoFilm], [NoActeur]) VALUES (211011, 16)
INSERT [dbo].[FilmsActeurs] ([NoFilm], [NoActeur]) VALUES (211011, 17)
INSERT [dbo].[FilmsActeurs] ([NoFilm], [NoActeur]) VALUES (211011, 18)
INSERT [dbo].[FilmsActeurs] ([NoFilm], [NoActeur]) VALUES (211012, 19)
INSERT [dbo].[FilmsActeurs] ([NoFilm], [NoActeur]) VALUES (211012, 20)
INSERT [dbo].[FilmsActeurs] ([NoFilm], [NoActeur]) VALUES (211012, 21)
INSERT [dbo].[FilmsActeurs] ([NoFilm], [NoActeur]) VALUES (211013, 22)
INSERT [dbo].[FilmsActeurs] ([NoFilm], [NoActeur]) VALUES (211013, 23)
INSERT [dbo].[FilmsActeurs] ([NoFilm], [NoActeur]) VALUES (211013, 24)
INSERT [dbo].[FilmsActeurs] ([NoFilm], [NoActeur]) VALUES (211014, 25)
INSERT [dbo].[FilmsActeurs] ([NoFilm], [NoActeur]) VALUES (211014, 26)
INSERT [dbo].[FilmsActeurs] ([NoFilm], [NoActeur]) VALUES (211102, 1)
INSERT [dbo].[FilmsActeurs] ([NoFilm], [NoActeur]) VALUES (211102, 27)
INSERT [dbo].[FilmsActeurs] ([NoFilm], [NoActeur]) VALUES (211102, 28)
INSERT [dbo].[FilmsActeurs] ([NoFilm], [NoActeur]) VALUES (211104, 29)
INSERT [dbo].[FilmsActeurs] ([NoFilm], [NoActeur]) VALUES (211105, 30)
INSERT [dbo].[FilmsActeurs] ([NoFilm], [NoActeur]) VALUES (211105, 31)
INSERT [dbo].[FilmsActeurs] ([NoFilm], [NoActeur]) VALUES (211105, 32)
INSERT [dbo].[FilmsActeurs] ([NoFilm], [NoActeur]) VALUES (211107, 33)
INSERT [dbo].[FilmsActeurs] ([NoFilm], [NoActeur]) VALUES (211107, 34)
INSERT [dbo].[FilmsActeurs] ([NoFilm], [NoActeur]) VALUES (211107, 35)
INSERT [dbo].[FilmsActeurs] ([NoFilm], [NoActeur]) VALUES (211112, 36)
INSERT [dbo].[FilmsActeurs] ([NoFilm], [NoActeur]) VALUES (211112, 37)
INSERT [dbo].[FilmsActeurs] ([NoFilm], [NoActeur]) VALUES (211112, 38)
INSERT [dbo].[FilmsActeurs] ([NoFilm], [NoActeur]) VALUES (211114, 39)
INSERT [dbo].[FilmsActeurs] ([NoFilm], [NoActeur]) VALUES (211114, 40)
INSERT [dbo].[FilmsActeurs] ([NoFilm], [NoActeur]) VALUES (211118, 4)
INSERT [dbo].[FilmsActeurs] ([NoFilm], [NoActeur]) VALUES (211118, 5)
INSERT [dbo].[FilmsActeurs] ([NoFilm], [NoActeur]) VALUES (211118, 6)
GO
INSERT [dbo].[FilmsLangues] ([NoFilm], [NoLangue]) VALUES ('211001', 1)
INSERT [dbo].[FilmsLangues] ([NoFilm], [NoLangue]) VALUES ('211001', 2)
INSERT [dbo].[FilmsLangues] ([NoFilm], [NoLangue]) VALUES ('211001', 3)
INSERT [dbo].[FilmsLangues] ([NoFilm], [NoLangue]) VALUES ('211002', 1)
INSERT [dbo].[FilmsLangues] ([NoFilm], [NoLangue]) VALUES ('211003', 1)
INSERT [dbo].[FilmsLangues] ([NoFilm], [NoLangue]) VALUES ('211003', 2)
INSERT [dbo].[FilmsLangues] ([NoFilm], [NoLangue]) VALUES ('211003', 3)
INSERT [dbo].[FilmsLangues] ([NoFilm], [NoLangue]) VALUES ('211004', 2)
INSERT [dbo].[FilmsLangues] ([NoFilm], [NoLangue]) VALUES ('211005', 1)
INSERT [dbo].[FilmsLangues] ([NoFilm], [NoLangue]) VALUES ( '211006', 1)
INSERT [dbo].[FilmsLangues] ([NoFilm], [NoLangue]) VALUES ( '211006', 2)
INSERT [dbo].[FilmsLangues] ([NoFilm], [NoLangue]) VALUES ( '211006', 3)
INSERT [dbo].[FilmsLangues] ([NoFilm], [NoLangue]) VALUES ( '211007', 1)
INSERT [dbo].[FilmsLangues] ([NoFilm], [NoLangue]) VALUES ( '211008', 1)
INSERT [dbo].[FilmsLangues] ([NoFilm], [NoLangue]) VALUES ( '211009', 1)
INSERT [dbo].[FilmsLangues] ([NoFilm], [NoLangue]) VALUES ( '211010', 1)
INSERT [dbo].[FilmsLangues] ([NoFilm], [NoLangue]) VALUES ( '211011', 1)
INSERT [dbo].[FilmsLangues] ([NoFilm], [NoLangue]) VALUES ( '211011', 2)
INSERT [dbo].[FilmsLangues] ([NoFilm], [NoLangue]) VALUES ( '211011', 3)
INSERT [dbo].[FilmsLangues] ([NoFilm], [NoLangue]) VALUES ( '211012', 1)
INSERT [dbo].[FilmsLangues] ([NoFilm], [NoLangue]) VALUES ( '211013', 1)
INSERT [dbo].[FilmsLangues] ([NoFilm], [NoLangue]) VALUES ( '211014', 1)
INSERT [dbo].[FilmsLangues] ([NoFilm], [NoLangue]) VALUES ( '211101', 1)
INSERT [dbo].[FilmsLangues] ([NoFilm], [NoLangue]) VALUES ( '211102', 1)
INSERT [dbo].[FilmsLangues] ([NoFilm], [NoLangue]) VALUES ( '211102', 2)
INSERT [dbo].[FilmsLangues] ([NoFilm], [NoLangue]) VALUES ( '211102', 3)
INSERT [dbo].[FilmsLangues] ([NoFilm], [NoLangue]) VALUES ( '211103', 1)
INSERT [dbo].[FilmsLangues] ([NoFilm], [NoLangue]) VALUES ( '211104', 1)
INSERT [dbo].[FilmsLangues] ([NoFilm], [NoLangue]) VALUES ( '211104', 2)
INSERT [dbo].[FilmsLangues] ([NoFilm], [NoLangue]) VALUES ( '211104', 3)
INSERT [dbo].[FilmsLangues] ([NoFilm], [NoLangue]) VALUES ( '211105', 1)
INSERT [dbo].[FilmsLangues] ([NoFilm], [NoLangue]) VALUES ( '211105', 2)
INSERT [dbo].[FilmsLangues] ([NoFilm], [NoLangue]) VALUES ( '211105', 3)
INSERT [dbo].[FilmsLangues] ([NoFilm], [NoLangue]) VALUES ( '211106', 1)
INSERT [dbo].[FilmsLangues] ([NoFilm], [NoLangue]) VALUES ( '211107', 1)
INSERT [dbo].[FilmsLangues] ([NoFilm], [NoLangue]) VALUES ( '211107', 2)
INSERT [dbo].[FilmsLangues] ([NoFilm], [NoLangue]) VALUES ( '211107', 3)
INSERT [dbo].[FilmsLangues] ([NoFilm], [NoLangue]) VALUES ( '211108', 1)
INSERT [dbo].[FilmsLangues] ([NoFilm], [NoLangue]) VALUES ( '211109', 1)
INSERT [dbo].[FilmsLangues] ([NoFilm], [NoLangue]) VALUES ( '211110', 1)
INSERT [dbo].[FilmsLangues] ([NoFilm], [NoLangue]) VALUES ( '211111', 1)
INSERT [dbo].[FilmsLangues] ([NoFilm], [NoLangue]) VALUES ( '211112', 1)
INSERT [dbo].[FilmsLangues] ([NoFilm], [NoLangue]) VALUES ( '211112', 2)
INSERT [dbo].[FilmsLangues] ([NoFilm], [NoLangue]) VALUES ( '211112', 3)
INSERT [dbo].[FilmsLangues] ([NoFilm], [NoLangue]) VALUES ( '211113', 1)
INSERT [dbo].[FilmsLangues] ([NoFilm], [NoLangue]) VALUES ( '211115', 1)
INSERT [dbo].[FilmsLangues] ([NoFilm], [NoLangue]) VALUES ( '211116', 1)
INSERT [dbo].[FilmsLangues] ([NoFilm], [NoLangue]) VALUES ( '211117', 1)
INSERT [dbo].[FilmsLangues] ([NoFilm], [NoLangue]) VALUES ( '211117', 2)
INSERT [dbo].[FilmsLangues] ([NoFilm], [NoLangue]) VALUES ( '211117', 3)
INSERT [dbo].[FilmsLangues] ([NoFilm], [NoLangue]) VALUES ( '211118', 1)
INSERT [dbo].[FilmsLangues] ([NoFilm], [NoLangue]) VALUES ( '211119', 1)
INSERT [dbo].[FilmsLangues] ([NoFilm], [NoLangue]) VALUES ( '211201', 1)
INSERT [dbo].[FilmsLangues] ([NoFilm], [NoLangue]) VALUES ( '211201', 2)
INSERT [dbo].[FilmsLangues] ([NoFilm], [NoLangue]) VALUES ( '211201', 3)
INSERT [dbo].[FilmsLangues] ([NoFilm], [NoLangue]) VALUES ( '211202', 1)
INSERT [dbo].[FilmsLangues] ([NoFilm], [NoLangue]) VALUES ( '211203', 1)
GO
INSERT [dbo].[FilmsSousTitres] ([NoFilm], [NoSousTitre]) VALUES ('211001', 3)
INSERT [dbo].[FilmsSousTitres] ([NoFilm], [NoSousTitre]) VALUES ('211003', 1)
INSERT [dbo].[FilmsSousTitres] ([NoFilm], [NoSousTitre]) VALUES ('211003', 2)
INSERT [dbo].[FilmsSousTitres] ([NoFilm], [NoSousTitre]) VALUES ('211003', 3)
INSERT [dbo].[FilmsSousTitres] ([NoFilm], [NoSousTitre]) VALUES ('211004', 1)
INSERT [dbo].[FilmsSousTitres] ([NoFilm], [NoSousTitre]) VALUES ('211004', 3)
INSERT [dbo].[FilmsSousTitres] ([NoFilm], [NoSousTitre]) VALUES ('211006', 1)
INSERT [dbo].[FilmsSousTitres] ([NoFilm], [NoSousTitre]) VALUES ( '211006', 2)
INSERT [dbo].[FilmsSousTitres] ([NoFilm], [NoSousTitre]) VALUES ( '211006', 3)
INSERT [dbo].[FilmsSousTitres] ([NoFilm], [NoSousTitre]) VALUES ( '211011', 1)
INSERT [dbo].[FilmsSousTitres] ([NoFilm], [NoSousTitre]) VALUES ( '211011', 2)
INSERT [dbo].[FilmsSousTitres] ([NoFilm], [NoSousTitre]) VALUES ( '211011', 3)
INSERT [dbo].[FilmsSousTitres] ([NoFilm], [NoSousTitre]) VALUES ( '211012', 2)
INSERT [dbo].[FilmsSousTitres] ([NoFilm], [NoSousTitre]) VALUES ( '211013', 2)
INSERT [dbo].[FilmsSousTitres] ([NoFilm], [NoSousTitre]) VALUES ( '211014', 2)
INSERT [dbo].[FilmsSousTitres] ([NoFilm], [NoSousTitre]) VALUES ( '211102', 1)
INSERT [dbo].[FilmsSousTitres] ([NoFilm], [NoSousTitre]) VALUES ( '211102', 2)
INSERT [dbo].[FilmsSousTitres] ([NoFilm], [NoSousTitre]) VALUES ( '211102', 3)
INSERT [dbo].[FilmsSousTitres] ([NoFilm], [NoSousTitre]) VALUES ( '211104', 1)
INSERT [dbo].[FilmsSousTitres] ([NoFilm], [NoSousTitre]) VALUES ( '211104', 2)
INSERT [dbo].[FilmsSousTitres] ([NoFilm], [NoSousTitre]) VALUES ( '211104', 3)
INSERT [dbo].[FilmsSousTitres] ([NoFilm], [NoSousTitre]) VALUES ( '211105', 1)
INSERT [dbo].[FilmsSousTitres] ([NoFilm], [NoSousTitre]) VALUES ( '211105', 2)
INSERT [dbo].[FilmsSousTitres] ([NoFilm], [NoSousTitre]) VALUES ( '211105', 3)
INSERT [dbo].[FilmsSousTitres] ([NoFilm], [NoSousTitre]) VALUES ( '211107', 1)
INSERT [dbo].[FilmsSousTitres] ([NoFilm], [NoSousTitre]) VALUES ( '211107', 2)
INSERT [dbo].[FilmsSousTitres] ([NoFilm], [NoSousTitre]) VALUES ( '211107', 3)
INSERT [dbo].[FilmsSousTitres] ([NoFilm], [NoSousTitre]) VALUES ( '211112', 1)
INSERT [dbo].[FilmsSousTitres] ([NoFilm], [NoSousTitre]) VALUES ( '211112', 2)
INSERT [dbo].[FilmsSousTitres] ([NoFilm], [NoSousTitre]) VALUES ( '211112', 3)
INSERT [dbo].[FilmsSousTitres] ([NoFilm], [NoSousTitre]) VALUES ( '211115', 2)
INSERT [dbo].[FilmsSousTitres] ([NoFilm], [NoSousTitre]) VALUES ( '211116', 2)
INSERT [dbo].[FilmsSousTitres] ([NoFilm], [NoSousTitre]) VALUES ( '211117', 1)
INSERT [dbo].[FilmsSousTitres] ([NoFilm], [NoSousTitre]) VALUES ( '211117', 2)
INSERT [dbo].[FilmsSousTitres] ([NoFilm], [NoSousTitre]) VALUES ( '211117', 3)
INSERT [dbo].[FilmsSousTitres] ([NoFilm], [NoSousTitre]) VALUES ( '211201', 1)
INSERT [dbo].[FilmsSousTitres] ([NoFilm], [NoSousTitre]) VALUES ( '211201', 2)
INSERT [dbo].[FilmsSousTitres] ([NoFilm], [NoSousTitre]) VALUES ( '211201', 3)
GO
INSERT [dbo].[FilmsSupplements] ([NoFilm], [NoSupplement]) VALUES ('211001', 4)
INSERT [dbo].[FilmsSupplements] ([NoFilm], [NoSupplement]) VALUES ('211001', 13)
INSERT [dbo].[FilmsSupplements] ([NoFilm], [NoSupplement]) VALUES ('211002', 6)
INSERT [dbo].[FilmsSupplements] ([NoFilm], [NoSupplement]) VALUES ('211002', 13)
INSERT [dbo].[FilmsSupplements] ([NoFilm], [NoSupplement]) VALUES ('211002', 14)
INSERT [dbo].[FilmsSupplements] ([NoFilm], [NoSupplement]) VALUES ('211003', 4)
INSERT [dbo].[FilmsSupplements] ([NoFilm], [NoSupplement]) VALUES ('211003', 9)
INSERT [dbo].[FilmsSupplements] ([NoFilm], [NoSupplement]) VALUES ('211003', 12)
INSERT [dbo].[FilmsSupplements] ([NoFilm], [NoSupplement]) VALUES ('211004', 1)
INSERT [dbo].[FilmsSupplements] ([NoFilm], [NoSupplement]) VALUES ( '211006', 1)
INSERT [dbo].[FilmsSupplements] ([NoFilm], [NoSupplement]) VALUES ( '211006', 2)
INSERT [dbo].[FilmsSupplements] ([NoFilm], [NoSupplement]) VALUES ( '211006', 4)
INSERT [dbo].[FilmsSupplements] ([NoFilm], [NoSupplement]) VALUES ( '211008', 1)
INSERT [dbo].[FilmsSupplements] ([NoFilm], [NoSupplement]) VALUES ( '211008', 2)
INSERT [dbo].[FilmsSupplements] ([NoFilm], [NoSupplement]) VALUES ( '211008', 14)
INSERT [dbo].[FilmsSupplements] ([NoFilm], [NoSupplement]) VALUES ( '211011', 1)
INSERT [dbo].[FilmsSupplements] ([NoFilm], [NoSupplement]) VALUES ( '211011', 4)
INSERT [dbo].[FilmsSupplements] ([NoFilm], [NoSupplement]) VALUES ( '211011', 11)
INSERT [dbo].[FilmsSupplements] ([NoFilm], [NoSupplement]) VALUES ( '211012', 1)
INSERT [dbo].[FilmsSupplements] ([NoFilm], [NoSupplement]) VALUES ( '211012', 13)
INSERT [dbo].[FilmsSupplements] ([NoFilm], [NoSupplement]) VALUES ( '211012', 15)
INSERT [dbo].[FilmsSupplements] ([NoFilm], [NoSupplement]) VALUES ( '211013', 1)
INSERT [dbo].[FilmsSupplements] ([NoFilm], [NoSupplement]) VALUES ( '211013', 4)
INSERT [dbo].[FilmsSupplements] ([NoFilm], [NoSupplement]) VALUES ( '211013', 8)
INSERT [dbo].[FilmsSupplements] ([NoFilm], [NoSupplement]) VALUES ( '211014', 8)
INSERT [dbo].[FilmsSupplements] ([NoFilm], [NoSupplement]) VALUES ( '211014', 10)
INSERT [dbo].[FilmsSupplements] ([NoFilm], [NoSupplement]) VALUES ( '211014', 15)
INSERT [dbo].[FilmsSupplements] ([NoFilm], [NoSupplement]) VALUES ( '211105', 1)
INSERT [dbo].[FilmsSupplements] ([NoFilm], [NoSupplement]) VALUES ( '211105', 5)
INSERT [dbo].[FilmsSupplements] ([NoFilm], [NoSupplement]) VALUES ( '211105', 10)
INSERT [dbo].[FilmsSupplements] ([NoFilm], [NoSupplement]) VALUES ( '211107', 1)
INSERT [dbo].[FilmsSupplements] ([NoFilm], [NoSupplement]) VALUES ( '211107', 8)
INSERT [dbo].[FilmsSupplements] ([NoFilm], [NoSupplement]) VALUES ( '211112', 6)
INSERT [dbo].[FilmsSupplements] ([NoFilm], [NoSupplement]) VALUES ( '211114', 1)
INSERT [dbo].[FilmsSupplements] ([NoFilm], [NoSupplement]) VALUES ( '211114', 6)
INSERT [dbo].[FilmsSupplements] ([NoFilm], [NoSupplement]) VALUES ( '211114', 9)
INSERT [dbo].[FilmsSupplements] ([NoFilm], [NoSupplement]) VALUES ( '211117', 1)
INSERT [dbo].[FilmsSupplements] ([NoFilm], [NoSupplement]) VALUES ( '211117', 4)
INSERT [dbo].[FilmsSupplements] ([NoFilm], [NoSupplement]) VALUES ( '211117', 14)
INSERT [dbo].[FilmsSupplements] ([NoFilm], [NoSupplement]) VALUES ( '211118', 1)
INSERT [dbo].[FilmsSupplements] ([NoFilm], [NoSupplement]) VALUES ( '211118', 4)
INSERT [dbo].[FilmsSupplements] ([NoFilm], [NoSupplement]) VALUES ( '211118', 6)
INSERT [dbo].[FilmsSupplements] ([NoFilm], [NoSupplement]) VALUES ( '211201', 1)
INSERT [dbo].[FilmsSupplements] ([NoFilm], [NoSupplement]) VALUES ( '211201', 2)
INSERT [dbo].[FilmsSupplements] ([NoFilm], [NoSupplement]) VALUES ( '211201', 8)
GO
INSERT [dbo].[UtilisateursPreferences] ([NoUtilisateur], [NoPreference]) VALUES (3, 1)
INSERT [dbo].[UtilisateursPreferences] ([NoUtilisateur], [NoPreference]) VALUES (3, 2)
INSERT [dbo].[UtilisateursPreferences] ([NoUtilisateur], [NoPreference]) VALUES (4, 3)
INSERT [dbo].[UtilisateursPreferences] ([NoUtilisateur], [NoPreference]) VALUES (5, 3)
INSERT [dbo].[UtilisateursPreferences] ([NoUtilisateur], [NoPreference]) VALUES (5, 4)
INSERT [dbo].[UtilisateursPreferences] ([NoUtilisateur], [NoPreference]) VALUES (6, 3)
INSERT [dbo].[UtilisateursPreferences] ([NoUtilisateur], [NoPreference]) VALUES (6, 4)
INSERT [dbo].[UtilisateursPreferences] ([NoUtilisateur], [NoPreference]) VALUES (6, 5)
INSERT [dbo].[UtilisateursPreferences] ([NoUtilisateur], [NoPreference]) VALUES (7, 1)
INSERT [dbo].[UtilisateursPreferences] ([NoUtilisateur], [NoPreference]) VALUES ( 7, 2)
INSERT [dbo].[UtilisateursPreferences] ([NoUtilisateur], [NoPreference]) VALUES ( 7, 3)
INSERT [dbo].[UtilisateursPreferences] ([NoUtilisateur], [NoPreference]) VALUES ( 7, 4)
INSERT [dbo].[UtilisateursPreferences] ([NoUtilisateur], [NoPreference]) VALUES ( 7, 5)
INSERT [dbo].[UtilisateursPreferences] ([NoUtilisateur], [NoPreference]) VALUES ( 7, 7)
GO
INSERT [dbo].[ValeursPreferences] ([NoUtilisateur], [NoPreference], [Valeur]) VALUES (3, 1, 'Yellow')
INSERT [dbo].[ValeursPreferences] ([NoUtilisateur], [NoPreference], [Valeur]) VALUES (3, 2, 'Blue')
INSERT [dbo].[ValeursPreferences] ([NoUtilisateur], [NoPreference], [Valeur]) VALUES (7, 1, 'Blue')
INSERT [dbo].[ValeursPreferences] ([NoUtilisateur], [NoPreference], [Valeur]) VALUES (7, 2, 'Yellow')
INSERT [dbo].[ValeursPreferences] ([NoUtilisateur], [NoPreference], [Valeur]) VALUES (7, 7, '20')
GO